1,delectus aut autem,"{'userId': 1, 'id': 1, 'title': 'delectus aut autem', 'completed': False}"
2,quis ut nam facilis et officia qui,"{'userId': 1, 'id': 2, 'title': 'quis ut nam facilis et officia qui', 'completed': False}"
3,fugiat veniam minus,"{'userId': 1, 'id': 3, 'title': 'fugiat veniam minus', 'completed': False}"
4,et porro tempora,"{'userId': 1, 'id': 4, 'title': 'et porro tempora', 'completed': True}"
5,laboriosam mollitia et enim quasi adipisci quia provident illum,"{'userId': 1, 'id': 5, 'title': 'laboriosam mollitia et enim quasi adipisci quia provident illum', 'completed': False}"
6,qui ullam ratione quibusdam voluptatem quia omnis,"{'userId': 1, 'id': 6, 'title': 'qui ullam ratione quibusdam voluptatem quia omnis', 'completed': False}"
7,illo expedita consequatur quia in,"{'userId': 1, 'id': 7, 'title': 'illo expedita consequatur quia in', 'completed': False}"
8,quo adipisci enim quam ut ab,"{'userId': 1, 'id': 8, 'title': 'quo adipisci enim quam ut ab', 'completed': True}"
9,molestiae perspiciatis ipsa,"{'userId': 1, 'id': 9, 'title': 'molestiae perspiciatis ipsa', 'completed': False}"
10,illo est ratione doloremque quia maiores aut,"{'userId': 1, 'id': 10, 'title': 'illo est ratione doloremque quia maiores aut', 'completed': True}"
11,vero rerum temporibus dolor,"{'userId': 1, 'id': 11, 'title': 'vero rerum temporibus dolor', 'completed': True}"
12,ipsa repellendus fugit nisi,"{'userId': 1, 'id': 12, 'title': 'ipsa repellendus fugit nisi', 'completed': True}"
13,et doloremque nulla,"{'userId': 1, 'id': 13, 'title': 'et doloremque nulla', 'completed': False}"
14,repellendus sunt dolores architecto voluptatum,"{'userId': 1, 'id': 14, 'title': 'repellendus sunt dolores architecto voluptatum', 'completed': True}"
15,ab voluptatum amet voluptas,"{'userId': 1, 'id': 15, 'title': 'ab voluptatum amet voluptas', 'completed': True}"
16,accusamus eos facilis sint et aut voluptatem,"{'userId': 1, 'id': 16, 'title': 'accusamus eos facilis sint et aut voluptatem', 'completed': True}"
17,quo laboriosam deleniti aut qui,"{'userId': 1, 'id': 17, 'title': 'quo laboriosam deleniti aut qui', 'completed': True}"
18,dolorum est consequatur ea mollitia in culpa,"{'userId': 1, 'id': 18, 'title': 'dolorum est consequatur ea mollitia in culpa', 'completed': False}"
19,molestiae ipsa aut voluptatibus pariatur dolor nihil,"{'userId': 1, 'id': 19, 'title': 'molestiae ipsa aut voluptatibus pariatur dolor nihil', 'completed': True}"
20,ullam nobis libero sapiente ad optio sint,"{'userId': 1, 'id': 20, 'title': 'ullam nobis libero sapiente ad optio sint', 'completed': True}"
21,suscipit repellat esse quibusdam voluptatem incidunt,"{'userId': 2, 'id': 21, 'title': 'suscipit repellat esse quibusdam voluptatem incidunt', 'completed': False}"
22,distinctio vitae autem nihil ut molestias quo,"{'userId': 2, 'id': 22, 'title': 'distinctio vitae autem nihil ut molestias quo', 'completed': True}"
23,et itaque necessitatibus maxime molestiae qui quas velit,"{'userId': 2, 'id': 23, 'title': 'et itaque necessitatibus maxime molestiae qui quas velit', 'completed': False}"
24,adipisci non ad dicta qui amet quaerat doloribus ea,"{'userId': 2, 'id': 24, 'title': 'adipisci non ad dicta qui amet quaerat doloribus ea', 'completed': False}"
25,voluptas quo tenetur perspiciatis explicabo natus,"{'userId': 2, 'id': 25, 'title': 'voluptas quo tenetur perspiciatis explicabo natus', 'completed': True}"
26,aliquam aut quasi,"{'userId': 2, 'id': 26, 'title': 'aliquam aut quasi', 'completed': True}"
27,veritatis pariatur delectus,"{'userId': 2, 'id': 27, 'title': 'veritatis pariatur delectus', 'completed': True}"
28,nesciunt totam sit blanditiis sit,"{'userId': 2, 'id': 28, 'title': 'nesciunt totam sit blanditiis sit', 'completed': False}"
29,laborum aut in quam,"{'userId': 2, 'id': 29, 'title': 'laborum aut in quam', 'completed': False}"
30,nemo perspiciatis repellat ut dolor libero commodi blanditiis omnis,"{'userId': 2, 'id': 30, 'title': 'nemo perspiciatis repellat ut dolor libero commodi blanditiis omnis', 'completed': True}"
31,repudiandae totam in est sint facere fuga,"{'userId': 2, 'id': 31, 'title': 'repudiandae totam in est sint facere fuga', 'completed': False}"
32,earum doloribus ea doloremque quis,"{'userId': 2, 'id': 32, 'title': 'earum doloribus ea doloremque quis', 'completed': False}"
33,sint sit aut vero,"{'userId': 2, 'id': 33, 'title': 'sint sit aut vero', 'completed': False}"
34,porro aut necessitatibus eaque distinctio,"{'userId': 2, 'id': 34, 'title': 'porro aut necessitatibus eaque distinctio', 'completed': False}"
35,repellendus veritatis molestias dicta incidunt,"{'userId': 2, 'id': 35, 'title': 'repellendus veritatis molestias dicta incidunt', 'completed': True}"
36,excepturi deleniti adipisci voluptatem et neque optio illum ad,"{'userId': 2, 'id': 36, 'title': 'excepturi deleniti adipisci voluptatem et neque optio illum ad', 'completed': True}"
37,sunt cum tempora,"{'userId': 2, 'id': 37, 'title': 'sunt cum tempora', 'completed': False}"
38,totam quia non,"{'userId': 2, 'id': 38, 'title': 'totam quia non', 'completed': False}"
39,doloremque quibusdam asperiores libero corrupti illum qui omnis,"{'userId': 2, 'id': 39, 'title': 'doloremque quibusdam asperiores libero corrupti illum qui omnis', 'completed': False}"
40,totam atque quo nesciunt,"{'userId': 2, 'id': 40, 'title': 'totam atque quo nesciunt', 'completed': True}"
41,aliquid amet impedit consequatur aspernatur placeat eaque fugiat suscipit,"{'userId': 3, 'id': 41, 'title': 'aliquid amet impedit consequatur aspernatur placeat eaque fugiat suscipit', 'completed': False}"
42,rerum perferendis error quia ut eveniet,"{'userId': 3, 'id': 42, 'title': 'rerum perferendis error quia ut eveniet', 'completed': False}"
43,tempore ut sint quis recusandae,"{'userId': 3, 'id': 43, 'title': 'tempore ut sint quis recusandae', 'completed': True}"
44,cum debitis quis accusamus doloremque ipsa natus sapiente omnis,"{'userId': 3, 'id': 44, 'title': 'cum debitis quis accusamus doloremque ipsa natus sapiente omnis', 'completed': True}"
45,velit soluta adipisci molestias reiciendis harum,"{'userId': 3, 'id': 45, 'title': 'velit soluta adipisci molestias reiciendis harum', 'completed': False}"
46,vel voluptatem repellat nihil placeat corporis,"{'userId': 3, 'id': 46, 'title': 'vel voluptatem repellat nihil placeat corporis', 'completed': False}"
47,nam qui rerum fugiat accusamus,"{'userId': 3, 'id': 47, 'title': 'nam qui rerum fugiat accusamus', 'completed': False}"
48,sit reprehenderit omnis quia,"{'userId': 3, 'id': 48, 'title': 'sit reprehenderit omnis quia', 'completed': False}"
49,ut necessitatibus aut maiores debitis officia blanditiis velit et,"{'userId': 3, 'id': 49, 'title': 'ut necessitatibus aut maiores debitis officia blanditiis velit et', 'completed': False}"
50,cupiditate necessitatibus ullam aut quis dolor voluptate,"{'userId': 3, 'id': 50, 'title': 'cupiditate necessitatibus ullam aut quis dolor voluptate', 'completed': True}"
51,distinctio exercitationem ab doloribus,"{'userId': 3, 'id': 51, 'title': 'distinctio exercitationem ab doloribus', 'completed': False}"
52,nesciunt dolorum quis recusandae ad pariatur ratione,"{'userId': 3, 'id': 52, 'title': 'nesciunt dolorum quis recusandae ad pariatur ratione', 'completed': False}"
53,qui labore est occaecati recusandae aliquid quam,"{'userId': 3, 'id': 53, 'title': 'qui labore est occaecati recusandae aliquid quam', 'completed': False}"
54,quis et est ut voluptate quam dolor,"{'userId': 3, 'id': 54, 'title': 'quis et est ut voluptate quam dolor', 'completed': True}"
55,voluptatum omnis minima qui occaecati provident nulla voluptatem ratione,"{'userId': 3, 'id': 55, 'title': 'voluptatum omnis minima qui occaecati provident nulla voluptatem ratione', 'completed': True}"
56,deleniti ea temporibus enim,"{'userId': 3, 'id': 56, 'title': 'deleniti ea temporibus enim', 'completed': True}"
57,pariatur et magnam ea doloribus similique voluptatem rerum quia,"{'userId': 3, 'id': 57, 'title': 'pariatur et magnam ea doloribus similique voluptatem rerum quia', 'completed': False}"
58,est dicta totam qui explicabo doloribus qui dignissimos,"{'userId': 3, 'id': 58, 'title': 'est dicta totam qui explicabo doloribus qui dignissimos', 'completed': False}"
59,perspiciatis velit id laborum placeat iusto et aliquam odio,"{'userId': 3, 'id': 59, 'title': 'perspiciatis velit id laborum placeat iusto et aliquam odio', 'completed': False}"
60,et sequi qui architecto ut adipisci,"{'userId': 3, 'id': 60, 'title': 'et sequi qui architecto ut adipisci', 'completed': True}"
61,odit optio omnis qui sunt,"{'userId': 4, 'id': 61, 'title': 'odit optio omnis qui sunt', 'completed': True}"
62,et placeat et tempore aspernatur sint numquam,"{'userId': 4, 'id': 62, 'title': 'et placeat et tempore aspernatur sint numquam', 'completed': False}"
63,doloremque aut dolores quidem fuga qui nulla,"{'userId': 4, 'id': 63, 'title': 'doloremque aut dolores quidem fuga qui nulla', 'completed': True}"
64,voluptas consequatur qui ut quia magnam nemo esse,"{'userId': 4, 'id': 64, 'title': 'voluptas consequatur qui ut quia magnam nemo esse', 'completed': False}"
65,fugiat pariatur ratione ut asperiores necessitatibus magni,"{'userId': 4, 'id': 65, 'title': 'fugiat pariatur ratione ut asperiores necessitatibus magni', 'completed': False}"
66,rerum eum molestias autem voluptatum sit optio,"{'userId': 4, 'id': 66, 'title': 'rerum eum molestias autem voluptatum sit optio', 'completed': False}"
67,quia voluptatibus voluptatem quos similique maiores repellat,"{'userId': 4, 'id': 67, 'title': 'quia voluptatibus voluptatem quos similique maiores repellat', 'completed': False}"
68,aut id perspiciatis voluptatem iusto,"{'userId': 4, 'id': 68, 'title': 'aut id perspiciatis voluptatem iusto', 'completed': False}"
69,doloribus sint dolorum ab adipisci itaque dignissimos aliquam suscipit,"{'userId': 4, 'id': 69, 'title': 'doloribus sint dolorum ab adipisci itaque dignissimos aliquam suscipit', 'completed': False}"
70,ut sequi accusantium et mollitia delectus sunt,"{'userId': 4, 'id': 70, 'title': 'ut sequi accusantium et mollitia delectus sunt', 'completed': False}"
71,aut velit saepe ullam,"{'userId': 4, 'id': 71, 'title': 'aut velit saepe ullam', 'completed': False}"
72,praesentium facilis facere quis harum voluptatibus voluptatem eum,"{'userId': 4, 'id': 72, 'title': 'praesentium facilis facere quis harum voluptatibus voluptatem eum', 'completed': False}"
73,sint amet quia totam corporis qui exercitationem commodi,"{'userId': 4, 'id': 73, 'title': 'sint amet quia totam corporis qui exercitationem commodi', 'completed': True}"
74,expedita tempore nobis eveniet laborum maiores,"{'userId': 4, 'id': 74, 'title': 'expedita tempore nobis eveniet laborum maiores', 'completed': False}"
75,occaecati adipisci est possimus totam,"{'userId': 4, 'id': 75, 'title': 'occaecati adipisci est possimus totam', 'completed': False}"
76,sequi dolorem sed,"{'userId': 4, 'id': 76, 'title': 'sequi dolorem sed', 'completed': True}"
77,maiores aut nesciunt delectus exercitationem vel assumenda eligendi at,"{'userId': 4, 'id': 77, 'title': 'maiores aut nesciunt delectus exercitationem vel assumenda eligendi at', 'completed': False}"
78,reiciendis est magnam amet nemo iste recusandae impedit quaerat,"{'userId': 4, 'id': 78, 'title': 'reiciendis est magnam amet nemo iste recusandae impedit quaerat', 'completed': False}"
79,eum ipsa maxime ut,"{'userId': 4, 'id': 79, 'title': 'eum ipsa maxime ut', 'completed': True}"
80,tempore molestias dolores rerum sequi voluptates ipsum consequatur,"{'userId': 4, 'id': 80, 'title': 'tempore molestias dolores rerum sequi voluptates ipsum consequatur', 'completed': True}"
81,suscipit qui totam,"{'userId': 5, 'id': 81, 'title': 'suscipit qui totam', 'completed': True}"
82,voluptates eum voluptas et dicta,"{'userId': 5, 'id': 82, 'title': 'voluptates eum voluptas et dicta', 'completed': False}"
83,quidem at rerum quis ex aut sit quam,"{'userId': 5, 'id': 83, 'title': 'quidem at rerum quis ex aut sit quam', 'completed': True}"
84,sunt veritatis ut voluptate,"{'userId': 5, 'id': 84, 'title': 'sunt veritatis ut voluptate', 'completed': False}"
85,et quia ad iste a,"{'userId': 5, 'id': 85, 'title': 'et quia ad iste a', 'completed': True}"
86,incidunt ut saepe autem,"{'userId': 5, 'id': 86, 'title': 'incidunt ut saepe autem', 'completed': True}"
87,laudantium quae eligendi consequatur quia et vero autem,"{'userId': 5, 'id': 87, 'title': 'laudantium quae eligendi consequatur quia et vero autem', 'completed': True}"
88,vitae aut excepturi laboriosam sint aliquam et et accusantium,"{'userId': 5, 'id': 88, 'title': 'vitae aut excepturi laboriosam sint aliquam et et accusantium', 'completed': False}"
89,sequi ut omnis et,"{'userId': 5, 'id': 89, 'title': 'sequi ut omnis et', 'completed': True}"
90,molestiae nisi accusantium tenetur dolorem et,"{'userId': 5, 'id': 90, 'title': 'molestiae nisi accusantium tenetur dolorem et', 'completed': True}"
91,nulla quis consequatur saepe qui id expedita,"{'userId': 5, 'id': 91, 'title': 'nulla quis consequatur saepe qui id expedita', 'completed': True}"
92,in omnis laboriosam,"{'userId': 5, 'id': 92, 'title': 'in omnis laboriosam', 'completed': True}"
93,odio iure consequatur molestiae quibusdam necessitatibus quia sint,"{'userId': 5, 'id': 93, 'title': 'odio iure consequatur molestiae quibusdam necessitatibus quia sint', 'completed': True}"
94,facilis modi saepe mollitia,"{'userId': 5, 'id': 94, 'title': 'facilis modi saepe mollitia', 'completed': False}"
95,vel nihil et molestiae iusto assumenda nemo quo ut,"{'userId': 5, 'id': 95, 'title': 'vel nihil et molestiae iusto assumenda nemo quo ut', 'completed': True}"
96,nobis suscipit ducimus enim asperiores voluptas,"{'userId': 5, 'id': 96, 'title': 'nobis suscipit ducimus enim asperiores voluptas', 'completed': False}"
97,dolorum laboriosam eos qui iure aliquam,"{'userId': 5, 'id': 97, 'title': 'dolorum laboriosam eos qui iure aliquam', 'completed': False}"
98,debitis accusantium ut quo facilis nihil quis sapiente necessitatibus,"{'userId': 5, 'id': 98, 'title': 'debitis accusantium ut quo facilis nihil quis sapiente necessitatibus', 'completed': True}"
99,neque voluptates ratione,"{'userId': 5, 'id': 99, 'title': 'neque voluptates ratione', 'completed': False}"
100,excepturi a et neque qui expedita vel voluptate,"{'userId': 5, 'id': 100, 'title': 'excepturi a et neque qui expedita vel voluptate', 'completed': False}"
101,explicabo enim cumque porro aperiam occaecati minima,"{'userId': 6, 'id': 101, 'title': 'explicabo enim cumque porro aperiam occaecati minima', 'completed': False}"
102,sed ab consequatur,"{'userId': 6, 'id': 102, 'title': 'sed ab consequatur', 'completed': False}"
103,non sunt delectus illo nulla tenetur enim omnis,"{'userId': 6, 'id': 103, 'title': 'non sunt delectus illo nulla tenetur enim omnis', 'completed': False}"
104,excepturi non laudantium quo,"{'userId': 6, 'id': 104, 'title': 'excepturi non laudantium quo', 'completed': False}"
105,totam quia dolorem et illum repellat voluptas optio,"{'userId': 6, 'id': 105, 'title': 'totam quia dolorem et illum repellat voluptas optio', 'completed': True}"
106,ad illo quis voluptatem temporibus,"{'userId': 6, 'id': 106, 'title': 'ad illo quis voluptatem temporibus', 'completed': True}"
107,praesentium facilis omnis laudantium fugit ad iusto nihil nesciunt,"{'userId': 6, 'id': 107, 'title': 'praesentium facilis omnis laudantium fugit ad iusto nihil nesciunt', 'completed': False}"
108,a eos eaque nihil et exercitationem incidunt delectus,"{'userId': 6, 'id': 108, 'title': 'a eos eaque nihil et exercitationem incidunt delectus', 'completed': True}"
109,autem temporibus harum quisquam in culpa,"{'userId': 6, 'id': 109, 'title': 'autem temporibus harum quisquam in culpa', 'completed': True}"
110,aut aut ea corporis,"{'userId': 6, 'id': 110, 'title': 'aut aut ea corporis', 'completed': True}"
111,magni accusantium labore et id quis provident,"{'userId': 6, 'id': 111, 'title': 'magni accusantium labore et id quis provident', 'completed': False}"
112,consectetur impedit quisquam qui deserunt non rerum consequuntur eius,"{'userId': 6, 'id': 112, 'title': 'consectetur impedit quisquam qui deserunt non rerum consequuntur eius', 'completed': False}"
113,quia atque aliquam sunt impedit voluptatum rerum assumenda nisi,"{'userId': 6, 'id': 113, 'title': 'quia atque aliquam sunt impedit voluptatum rerum assumenda nisi', 'completed': False}"
114,cupiditate quos possimus corporis quisquam exercitationem beatae,"{'userId': 6, 'id': 114, 'title': 'cupiditate quos possimus corporis quisquam exercitationem beatae', 'completed': False}"
115,sed et ea eum,"{'userId': 6, 'id': 115, 'title': 'sed et ea eum', 'completed': False}"
116,ipsa dolores vel facilis ut,"{'userId': 6, 'id': 116, 'title': 'ipsa dolores vel facilis ut', 'completed': True}"
117,sequi quae est et qui qui eveniet asperiores,"{'userId': 6, 'id': 117, 'title': 'sequi quae est et qui qui eveniet asperiores', 'completed': False}"
118,quia modi consequatur vero fugiat,"{'userId': 6, 'id': 118, 'title': 'quia modi consequatur vero fugiat', 'completed': False}"
119,corporis ducimus ea perspiciatis iste,"{'userId': 6, 'id': 119, 'title': 'corporis ducimus ea perspiciatis iste', 'completed': False}"
120,dolorem laboriosam vel voluptas et aliquam quasi,"{'userId': 6, 'id': 120, 'title': 'dolorem laboriosam vel voluptas et aliquam quasi', 'completed': False}"
121,inventore aut nihil minima laudantium hic qui omnis,"{'userId': 7, 'id': 121, 'title': 'inventore aut nihil minima laudantium hic qui omnis', 'completed': True}"
122,provident aut nobis culpa,"{'userId': 7, 'id': 122, 'title': 'provident aut nobis culpa', 'completed': True}"
123,esse et quis iste est earum aut impedit,"{'userId': 7, 'id': 123, 'title': 'esse et quis iste est earum aut impedit', 'completed': False}"
124,qui consectetur id,"{'userId': 7, 'id': 124, 'title': 'qui consectetur id', 'completed': False}"
125,aut quasi autem iste tempore illum possimus,"{'userId': 7, 'id': 125, 'title': 'aut quasi autem iste tempore illum possimus', 'completed': False}"
126,ut asperiores perspiciatis veniam ipsum rerum saepe,"{'userId': 7, 'id': 126, 'title': 'ut asperiores perspiciatis veniam ipsum rerum saepe', 'completed': True}"
127,voluptatem libero consectetur rerum ut,"{'userId': 7, 'id': 127, 'title': 'voluptatem libero consectetur rerum ut', 'completed': True}"
128,eius omnis est qui voluptatem autem,"{'userId': 7, 'id': 128, 'title': 'eius omnis est qui voluptatem autem', 'completed': False}"
129,rerum culpa quis harum,"{'userId': 7, 'id': 129, 'title': 'rerum culpa quis harum', 'completed': False}"
130,nulla aliquid eveniet harum laborum libero alias ut unde,"{'userId': 7, 'id': 130, 'title': 'nulla aliquid eveniet harum laborum libero alias ut unde', 'completed': True}"
131,qui ea incidunt quis,"{'userId': 7, 'id': 131, 'title': 'qui ea incidunt quis', 'completed': False}"
132,qui molestiae voluptatibus velit iure harum quisquam,"{'userId': 7, 'id': 132, 'title': 'qui molestiae voluptatibus velit iure harum quisquam', 'completed': True}"
133,et labore eos enim rerum consequatur sunt,"{'userId': 7, 'id': 133, 'title': 'et labore eos enim rerum consequatur sunt', 'completed': True}"
134,molestiae doloribus et laborum quod ea,"{'userId': 7, 'id': 134, 'title': 'molestiae doloribus et laborum quod ea', 'completed': False}"
135,facere ipsa nam eum voluptates reiciendis vero qui,"{'userId': 7, 'id': 135, 'title': 'facere ipsa nam eum voluptates reiciendis vero qui', 'completed': False}"
136,asperiores illo tempora fuga sed ut quasi adipisci,"{'userId': 7, 'id': 136, 'title': 'asperiores illo tempora fuga sed ut quasi adipisci', 'completed': False}"
137,qui sit non,"{'userId': 7, 'id': 137, 'title': 'qui sit non', 'completed': False}"
138,placeat minima consequatur rem qui ut,"{'userId': 7, 'id': 138, 'title': 'placeat minima consequatur rem qui ut', 'completed': True}"
139,consequatur doloribus id possimus voluptas a voluptatem,"{'userId': 7, 'id': 139, 'title': 'consequatur doloribus id possimus voluptas a voluptatem', 'completed': False}"
140,aut consectetur in blanditiis deserunt quia sed laboriosam,"{'userId': 7, 'id': 140, 'title': 'aut consectetur in blanditiis deserunt quia sed laboriosam', 'completed': True}"
141,explicabo consectetur debitis voluptates quas quae culpa rerum non,"{'userId': 8, 'id': 141, 'title': 'explicabo consectetur debitis voluptates quas quae culpa rerum non', 'completed': True}"
142,maiores accusantium architecto necessitatibus reiciendis ea aut,"{'userId': 8, 'id': 142, 'title': 'maiores accusantium architecto necessitatibus reiciendis ea aut', 'completed': True}"
143,eum non recusandae cupiditate animi,"{'userId': 8, 'id': 143, 'title': 'eum non recusandae cupiditate animi', 'completed': False}"
144,ut eum exercitationem sint,"{'userId': 8, 'id': 144, 'title': 'ut eum exercitationem sint', 'completed': False}"
145,beatae qui ullam incidunt voluptatem non nisi aliquam,"{'userId': 8, 'id': 145, 'title': 'beatae qui ullam incidunt voluptatem non nisi aliquam', 'completed': False}"
146,molestiae suscipit ratione nihil odio libero impedit vero totam,"{'userId': 8, 'id': 146, 'title': 'molestiae suscipit ratione nihil odio libero impedit vero totam', 'completed': True}"
147,eum itaque quod reprehenderit et facilis dolor autem ut,"{'userId': 8, 'id': 147, 'title': 'eum itaque quod reprehenderit et facilis dolor autem ut', 'completed': True}"
148,esse quas et quo quasi exercitationem,"{'userId': 8, 'id': 148, 'title': 'esse quas et quo quasi exercitationem', 'completed': False}"
149,animi voluptas quod perferendis est,"{'userId': 8, 'id': 149, 'title': 'animi voluptas quod perferendis est', 'completed': False}"
150,eos amet tempore laudantium fugit a,"{'userId': 8, 'id': 150, 'title': 'eos amet tempore laudantium fugit a', 'completed': False}"
151,accusamus adipisci dicta qui quo ea explicabo sed vero,"{'userId': 8, 'id': 151, 'title': 'accusamus adipisci dicta qui quo ea explicabo sed vero', 'completed': True}"
152,odit eligendi recusandae doloremque cumque non,"{'userId': 8, 'id': 152, 'title': 'odit eligendi recusandae doloremque cumque non', 'completed': False}"
153,ea aperiam consequatur qui repellat eos,"{'userId': 8, 'id': 153, 'title': 'ea aperiam consequatur qui repellat eos', 'completed': False}"
154,rerum non ex sapiente,"{'userId': 8, 'id': 154, 'title': 'rerum non ex sapiente', 'completed': True}"
155,voluptatem nobis consequatur et assumenda magnam,"{'userId': 8, 'id': 155, 'title': 'voluptatem nobis consequatur et assumenda magnam', 'completed': True}"
156,nam quia quia nulla repellat assumenda quibusdam sit nobis,"{'userId': 8, 'id': 156, 'title': 'nam quia quia nulla repellat assumenda quibusdam sit nobis', 'completed': True}"
157,dolorem veniam quisquam deserunt repellendus,"{'userId': 8, 'id': 157, 'title': 'dolorem veniam quisquam deserunt repellendus', 'completed': True}"
158,debitis vitae delectus et harum accusamus aut deleniti a,"{'userId': 8, 'id': 158, 'title': 'debitis vitae delectus et harum accusamus aut deleniti a', 'completed': True}"
159,debitis adipisci quibusdam aliquam sed dolore ea praesentium nobis,"{'userId': 8, 'id': 159, 'title': 'debitis adipisci quibusdam aliquam sed dolore ea praesentium nobis', 'completed': True}"
160,et praesentium aliquam est,"{'userId': 8, 'id': 160, 'title': 'et praesentium aliquam est', 'completed': False}"
161,ex hic consequuntur earum omnis alias ut occaecati culpa,"{'userId': 9, 'id': 161, 'title': 'ex hic consequuntur earum omnis alias ut occaecati culpa', 'completed': True}"
162,omnis laboriosam molestias animi sunt dolore,"{'userId': 9, 'id': 162, 'title': 'omnis laboriosam molestias animi sunt dolore', 'completed': True}"
163,natus corrupti maxime laudantium et voluptatem laboriosam odit,"{'userId': 9, 'id': 163, 'title': 'natus corrupti maxime laudantium et voluptatem laboriosam odit', 'completed': False}"
164,reprehenderit quos aut aut consequatur est sed,"{'userId': 9, 'id': 164, 'title': 'reprehenderit quos aut aut consequatur est sed', 'completed': False}"
165,fugiat perferendis sed aut quidem,"{'userId': 9, 'id': 165, 'title': 'fugiat perferendis sed aut quidem', 'completed': False}"
166,quos quo possimus suscipit minima ut,"{'userId': 9, 'id': 166, 'title': 'quos quo possimus suscipit minima ut', 'completed': False}"
167,et quis minus quo a asperiores molestiae,"{'userId': 9, 'id': 167, 'title': 'et quis minus quo a asperiores molestiae', 'completed': False}"
168,recusandae quia qui sunt libero,"{'userId': 9, 'id': 168, 'title': 'recusandae quia qui sunt libero', 'completed': False}"
169,ea odio perferendis officiis,"{'userId': 9, 'id': 169, 'title': 'ea odio perferendis officiis', 'completed': True}"
170,quisquam aliquam quia doloribus aut,"{'userId': 9, 'id': 170, 'title': 'quisquam aliquam quia doloribus aut', 'completed': False}"
171,fugiat aut voluptatibus corrupti deleniti velit iste odio,"{'userId': 9, 'id': 171, 'title': 'fugiat aut voluptatibus corrupti deleniti velit iste odio', 'completed': True}"
172,et provident amet rerum consectetur et voluptatum,"{'userId': 9, 'id': 172, 'title': 'et provident amet rerum consectetur et voluptatum', 'completed': False}"
173,harum ad aperiam quis,"{'userId': 9, 'id': 173, 'title': 'harum ad aperiam quis', 'completed': False}"
174,similique aut quo,"{'userId': 9, 'id': 174, 'title': 'similique aut quo', 'completed': False}"
175,laudantium eius officia perferendis provident perspiciatis asperiores,"{'userId': 9, 'id': 175, 'title': 'laudantium eius officia perferendis provident perspiciatis asperiores', 'completed': True}"
176,magni soluta corrupti ut maiores rem quidem,"{'userId': 9, 'id': 176, 'title': 'magni soluta corrupti ut maiores rem quidem', 'completed': False}"
177,et placeat temporibus voluptas est tempora quos quibusdam,"{'userId': 9, 'id': 177, 'title': 'et placeat temporibus voluptas est tempora quos quibusdam', 'completed': False}"
178,nesciunt itaque commodi tempore,"{'userId': 9, 'id': 178, 'title': 'nesciunt itaque commodi tempore', 'completed': True}"
179,omnis consequuntur cupiditate impedit itaque ipsam quo,"{'userId': 9, 'id': 179, 'title': 'omnis consequuntur cupiditate impedit itaque ipsam quo', 'completed': True}"
180,debitis nisi et dolorem repellat et,"{'userId': 9, 'id': 180, 'title': 'debitis nisi et dolorem repellat et', 'completed': True}"
181,ut cupiditate sequi aliquam fuga maiores,"{'userId': 10, 'id': 181, 'title': 'ut cupiditate sequi aliquam fuga maiores', 'completed': False}"
182,inventore saepe cumque et aut illum enim,"{'userId': 10, 'id': 182, 'title': 'inventore saepe cumque et aut illum enim', 'completed': True}"
183,omnis nulla eum aliquam distinctio,"{'userId': 10, 'id': 183, 'title': 'omnis nulla eum aliquam distinctio', 'completed': True}"
184,molestias modi perferendis perspiciatis,"{'userId': 10, 'id': 184, 'title': 'molestias modi perferendis perspiciatis', 'completed': False}"
185,voluptates dignissimos sed doloribus animi quaerat aut,"{'userId': 10, 'id': 185, 'title': 'voluptates dignissimos sed doloribus animi quaerat aut', 'completed': False}"
186,explicabo odio est et,"{'userId': 10, 'id': 186, 'title': 'explicabo odio est et', 'completed': False}"
187,consequuntur animi possimus,"{'userId': 10, 'id': 187, 'title': 'consequuntur animi possimus', 'completed': False}"
188,vel non beatae est,"{'userId': 10, 'id': 188, 'title': 'vel non beatae est', 'completed': True}"
189,culpa eius et voluptatem et,"{'userId': 10, 'id': 189, 'title': 'culpa eius et voluptatem et', 'completed': True}"
190,accusamus sint iusto et voluptatem exercitationem,"{'userId': 10, 'id': 190, 'title': 'accusamus sint iusto et voluptatem exercitationem', 'completed': True}"
191,temporibus atque distinctio omnis eius impedit tempore molestias pariatur,"{'userId': 10, 'id': 191, 'title': 'temporibus atque distinctio omnis eius impedit tempore molestias pariatur', 'completed': True}"
192,ut quas possimus exercitationem sint voluptates,"{'userId': 10, 'id': 192, 'title': 'ut quas possimus exercitationem sint voluptates', 'completed': False}"
193,rerum debitis voluptatem qui eveniet tempora distinctio a,"{'userId': 10, 'id': 193, 'title': 'rerum debitis voluptatem qui eveniet tempora distinctio a', 'completed': True}"
194,sed ut vero sit molestiae,"{'userId': 10, 'id': 194, 'title': 'sed ut vero sit molestiae', 'completed': False}"
195,rerum ex veniam mollitia voluptatibus pariatur,"{'userId': 10, 'id': 195, 'title': 'rerum ex veniam mollitia voluptatibus pariatur', 'completed': True}"
196,consequuntur aut ut fugit similique,"{'userId': 10, 'id': 196, 'title': 'consequuntur aut ut fugit similique', 'completed': True}"
197,dignissimos quo nobis earum saepe,"{'userId': 10, 'id': 197, 'title': 'dignissimos quo nobis earum saepe', 'completed': True}"
198,quis eius est sint explicabo,"{'userId': 10, 'id': 198, 'title': 'quis eius est sint explicabo', 'completed': True}"
199,numquam repellendus a magnam,"{'userId': 10, 'id': 199, 'title': 'numquam repellendus a magnam', 'completed': True}"
200,ipsam aperiam voluptates qui,"{'userId': 10, 'id': 200, 'title': 'ipsam aperiam voluptates qui', 'completed': False}"
